id,city,state,latitude,longitude
1698560,Braemar,MD,39.5017777,-76.1741201
876887,Haleyville,NJ,39.2895590,-75.0168432
215846,Cardiff,DE,39.8134455,-75.5379790
2564662,Center,ME,44.3027778,-68.4030556
770012,Coffee Creek,MT,47.3477498,-110.0815891
1564141,Duck Creek,WI,44.5619364,-88.0692704
958897,North Ridge,NY,43.2125562,-78.8258709
1388607,Panorama Village,TX,30.3810404,-95.4935526
2060015,Windsor Mill,MD,39.3328839,-76.7594179
740801,Decatur,MO,38.4525304,-92.4199077
156082,Blue Pond,AL,34.2370384,-85.7202434
1179945,Lorain,PA,40.2989637,-78.8922465
2350703,Stormfield,PA,40.2727000,-75.3847000
430244,Arlington,IN,39.1839358,-86.5499977
1168072,Adamsdale,PA,40.6362021,-76.1279956
1538406,Dudley Gap,WV,38.5028643,-82.1443096
1247045,Bucksville,SC,33.7187815,-79.0628155
1241830,College Park,SC,34.1632116,-79.8022859
845454,Empire,NV,40.5757352,-119.3421300
1406968,New Igloo,AK,65.1275000,-165.1683333
611581,South Sudbury,MA,42.3625948,-71.4133945
77179,Hicks,AR,34.5650996,-90.9812277
874473,Baldwins Corner,NJ,40.3139961,-74.7859956
620407,Bach,MI,43.6830731,-83.3557890
721654,Lucas,MO,38.4164076,-94.0288308
2484403,North Pointe,FL,28.0790000,-82.4655000
1064863,Hopewell,OH,39.9556228,-82.1706984
561797,Beans Corner,ME,44.5778401,-70.1753380
1867397,Crown Heights,NY,41.6373158,-73.9379152
985230,Florence,NC,36.0254144,-79.9589264
216773,Florence,DE,39.0834460,-75.4635322
455057,Calmar,IA,43.1835847,-91.8640483
2472658,Spring Creek Forest,TX,30.0417000,-95.5019000
1100285,Chance,OK,36.0603619,-94.6552240
1019160,Big Ridge,NC,35.2064868,-83.0898637
579632,Pools Landing,ME,43.9411917,-69.5897689
1494716,Medlock,VA,38.0170838,-78.1558358
1173037,Dearth,PA,39.9414647,-79.7944892
1477808,Taylors Corner,VA,37.2293156,-77.0402461
1849562,Santa Margarita Groves,CA,33.4908599,-117.2864256
898561,Julian Place,NM,34.6547697,-108.2431197
1674269,Fox Downs,VA,37.6932013,-77.7649935
1759213,Cooper,SC,33.5662771,-79.6100644
589138,Cedar Hill,MD,39.6076131,-75.9432772
1698337,Briar Ridge,MD,39.5626063,-76.4374630
591107,Red Point,MD,39.5234491,-75.9785571
1669502,Fox Chase,KY,38.0456219,-85.6927366
672970,Lynville,MS,32.8551313,-88.8156074
580286,Pine Park,ME,43.5075844,-70.4083835
508670,Naples,KY,38.4359146,-82.7696089
1494932,Forest,VA,37.3637534,-79.2897490
833956,Surprise,NE,41.1086243,-97.3111549
127070,Snead,AL,34.1195406,-86.3955398
948048,Davenport,NY,42.4717451,-74.8446009
802034,Billings,MT,45.7832856,-108.5006904
946509,Cherry Creek,NY,42.2945042,-79.0997635
148794,Skyline Shores,AL,34.5717532,-86.1035911
351425,New Switzerland,GA,34.5359325,-83.4651692
156152,Carpenter,AL,30.8571299,-87.8661053
1168589,Bairdstown,PA,40.4325683,-79.2789250
644071,Genola,MN,45.9602431,-94.1163796
2485173,Tampa Oaks,FL,28.0628000,-82.3556000
1558397,Trap Hill,WV,37.7828907,-81.3434372
507454,Barkley Shores,KY,36.7575516,-87.9641908
654765,Illgen City,MN,47.3468610,-91.1896076
589977,Church Hill,MD,39.3439911,-77.4749866
1956545,Robin Ridge,VA,37.6523664,-77.3674805
1154315,Post,OR,44.1623540,-120.4900050
1405122,Kwigillingok,AK,59.8644444,-163.1341667
455954,Donnellson,IA,40.6428152,-91.5646028
833422,Sidney,NE,41.1427623,-102.9779785
970875,West Stephentown,NY,42.5795250,-73.4726116
829526,Giltner,NE,40.7739007,-98.1536672
869507,Rivercrest,NH,43.7264595,-72.2709238
591615,Wye Mills,MD,38.9412244,-76.0804996
464517,Devon,IA,43.1196951,-92.3576769
331538,Demorest,GA,34.5650980,-83.5451724
727468,Tarrytown,MO,39.2844458,-94.6780138
1704747,Blue Ridge Manor,GA,33.8601046,-84.6002112
515152,Ryan,KY,38.3700787,-83.4826875
1136408,Interlachen,OR,45.5517859,-122.4467584
669462,Dubard,MS,33.7765046,-89.9186976
1453807,Lago Vista Circle,UT,40.8863342,-111.8563259
1020805,Holly Hill,NC,35.3442835,-82.4965092
252997,Tortuga,CA,33.1678150,-115.3427588
464321,Kline,IA,40.9222584,-91.2090378
613900,Bryantville,MA,42.0439906,-70.8425410
426309,Darmstadt,IL,38.3208818,-89.7317643
1530965,Lakewood,WA,48.1520431,-122.2073655
851448,Manse,NV,36.1546853,-115.9022445
1286170,Greenfields,TN,36.5345457,-82.5359838
1500399,Mauck,VA,38.5604009,-78.4463961
1241837,Country Manor,SC,34.1501571,-79.7189512
1232287,Chapel Creek,SC,33.4751682,-79.1386542
1405185,Lake Minchumina,AK,63.8827778,-152.3122222
879388,Point Airy,NJ,39.6765027,-75.3193558
1293725,Midway,TN,35.8698221,-83.0304264
1280581,Clairfield,TN,36.5500803,-83.9502006
12219,Teec Nos Pos,AZ,36.9211097,-109.0856582
1117497,Bellfountain,OR,44.3637332,-123.3553770
579486,Lower Shirley Corner,ME,45.3514376,-69.5881089
1707242,Southern Hills,VA,37.2259710,-79.9622594
735745,New Hope,MO,39.1367146,-90.8642976
1477700,Roses Mill,VA,37.7015298,-78.9964135
1712641,Parkridge,MD,39.1467739,-77.2413715
2484071,Riverhills Park,FL,28.0259000,-82.3956000
507555,Booth,KY,37.8053419,-85.7516267
423137,Roxbury,IL,41.7005860,-89.0395337
465941,Cedar Rapids,IA,42.0083328,-91.6440683
72955,Opal,AR,34.5395502,-93.9896456
1481617,Belmont,VA,37.1629064,-80.4469961
143933,Wildwood Heights,AL,30.6549132,-88.1658355
149047,Doolans,AL,34.1762062,-86.1985884
1198084,Lincoln Park,PA,40.6417649,-75.3590687
1192474,Fordview,PA,40.7703420,-79.5228227
1236783,Lakewood,SC,34.5734410,-82.6679125
183266,Cliffdale,CO,39.4086003,-105.3763853
121241,Kingsway Terrace,AL,33.5626041,-86.7441560
1190956,Westcolang Park,PA,41.5145335,-75.0385027
569453,Lee,ME,45.3600615,-68.2864076
1361072,Lelia Lake,TX,34.9011627,-100.7706942
1564198,Durham,WI,42.8664049,-88.0706424
730282,Ingram Ridge,MO,36.2917329,-89.7909177
1706726,Loch Haven,VA,37.3465231,-80.0042074
1303287,Hobart Meadows,TN,36.5367690,-82.4265338
543307,Hollywood,LA,30.2277057,-93.3259886
509051,Short Mountain,KY,36.8417373,-84.8955032
774669,Norris,MT,45.5679836,-111.6908080
348911,Maple Creek,GA,33.4979141,-82.1659533
589968,Chevy Chase View,MD,39.0198318,-77.0824780
1437481,Atkinville,UT,37.0299806,-113.6277361
1049258,Union Ridge,OH,40.7745067,-80.5756256
2482153,Alameda,FL,27.9678000,-82.4460000
1452795,Daybreak,UT,40.5846706,-111.8257663
1022743,Spring Creek,NC,35.7987139,-82.8543079
1659058,Marin City,CA,37.8685380,-122.5091404
212593,West Thompson,CT,41.9450976,-71.9109058
58899,Wilson,AR,35.5681363,-90.0420342
1176071,Green Hill,PA,39.9959413,-75.5991000
678203,Stafford Springs,MS,31.9048771,-88.9333845
1261067,Slim Butte,SD,43.0760921,-102.8207338
1713857,Beaverbrook,MD,39.6389856,-77.6027686
1023031,Unahala,NC,35.3548185,-83.4098782
1180403,Marguerite,PA,40.2636811,-79.4633710
333381,Wefanie,GA,31.7707666,-81.8162258
1177108,Hillsdale,PA,41.6842438,-75.8021368
1852954,North Stanwood,WA,48.2587113,-122.3426542
24545,Olga,AZ,32.2997996,-109.3592284
1005759,Bataan,NC,35.1607175,-78.9741945
1204043,Lockport,PA,40.7367622,-75.5737965
1219527,Moosehorn Corner,RI,41.6534338,-71.5425615
511566,Cottongim,KY,37.0648117,-83.8024214
903169,Angostura,NM,36.1016955,-105.4864025
1450429,Mendon,UT,41.7099297,-111.9777250
222531,Dos Rios,CA,39.7168221,-123.3533476
1027407,Healing Springs,NC,35.6162496,-80.1781061
877973,Lower Squankum,NJ,40.1587249,-74.1568083
1403447,Holy Cross,AK,62.1994444,-159.7713889
1696368,Wellwood,MD,39.4853797,-76.9894256
1772748,West Ridge,IL,41.9997538,-87.6928357
1358127,Goldthwaite,TX,31.4498855,-98.5708763
446873,Sponsler,IN,39.0036561,-87.1416783
407855,Eleanor,IL,40.9828153,-90.6951371
1378188,Crow,TX,32.6156934,-95.3096722
1021423,Micro,NC,35.5637705,-78.2044405
124053,Oak,AL,30.3179784,-87.7063754
911677,Three Forks,NM,32.3514950,-104.7821834
469734,Capaldo,KS,37.4678266,-94.7266286
413677,Missionfield,IL,40.1047583,-87.7536359
1698101,Coffman,MD,39.5995509,-76.3216254
62340,Martinville,AR,33.2440086,-91.7906841
295575,Richloam,FL,28.5013869,-82.1128609
972943,Pine Creek,NY,42.3595175,-77.0421897
729521,Iberia,MO,38.0903154,-92.2926747
1231893,Warrenville,SC,33.5509706,-81.8039998
559982,Bayou Jack,LA,30.8382472,-91.9637283
1707674,Bellview,MD,39.3445516,-76.5394093
2407582,Gordonville,AL,32.1519930,-86.7154430
125569,Republic,AL,33.6012160,-86.8908266
1437516,Callao,UT,39.8977179,-113.7086023
535937,Invincible,LA,32.7873660,-93.4076719
1101432,Goodlake,OK,33.7070565,-94.6424319
1118139,Brownsboro,OR,42.4681827,-122.7100366
1017697,Whitewater Pines,NC,35.0875935,-82.9856976
1296377,Old Sweetwater,TN,35.6478530,-84.4263157
1184421,Princeton,PA,40.9639510,-80.2314505
474932,Vilas,KS,37.6542147,-95.5863704
1124148,Mill City,OR,44.7540106,-122.4781385
1300256,Rural Hill,TN,36.0672823,-86.6311072
2485361,Twelve Oaks Village,FL,28.0152000,-82.5647000
1647621,Triune,TN,35.8542314,-86.6586074
2483703,Keystone Manor,FL,28.1447000,-82.5977000
1032905,Zeeland,ND,45.9699842,-99.8306727
484569,Peterson,KS,38.0325231,-101.0671109
380992,Eagle Nest,ID,44.6071176,-115.9431810
579441,Jones Wharf,ME,43.6559161,-70.1997698
293335,Williams Point,FL,28.4483357,-80.7628318
713242,Alma,MO,39.0952954,-93.5452125
507449,Banner,KY,37.5992651,-82.7012684
515477,Slate Valley,KY,38.1692461,-83.7232502
443076,Schley,IN,38.0456099,-86.8719365
156325,Evansboro,AL,31.8837647,-88.4680838
1659305,Omo Ranch,CA,38.5812956,-120.5732603
2093066,The Mews,VA,37.2988889,-76.7425000
2482438,Enclave at Citrus Park,FL,28.0526000,-82.5848000
676469,Randolph,MS,34.1814965,-89.1684020
508676,Neafus,KY,37.3950501,-86.6119297
1660263,Arcilla,CA,33.7833511,-117.4794899
1380799,Woden,TX,31.5032387,-94.5265962
1549794,Long Reach,WV,39.4842420,-81.0926111
952372,Hatchs Corners,NY,43.1781250,-75.5073990
1512152,Dockton,WA,47.3717652,-122.4592932
2485042,Sterling Heights,FL,28.0571000,-82.3370000
1669868,La Fetra,CA,34.1388964,-117.8814507
1580447,Soperton,WI,45.4382993,-88.6362206
1272049,Tallassee,TN,35.5467488,-84.0599074
214305,Midvale,DE,39.6598347,-75.6104823
1274603,Wilkinstown,TN,35.6286805,-88.1539254
440261,North Gate,IN,39.2639402,-85.9463833
1008116,Fourway,NC,35.4409955,-77.5785815
1021425,Middle Fork,NC,35.1173319,-82.8237443
1175390,Gallatin,PA,40.1975711,-79.8889368
137522,Sardis,AL,32.7040195,-85.7580125
1121084,Gearhart,OR,46.0242745,-123.9112502
57124,Minorca,AR,36.4942279,-90.8462325
1217802,Rocky Brook,RI,41.4537128,-71.5033918
1312281,Golden Meadows,TN,35.9759134,-84.1026920
616827,South Wellfleet,MA,41.9181613,-69.9952985
1158372,Four Corners,OR,42.3895700,-122.8853189
1314380,Taylor Mill,TN,36.3142707,-82.5701495
2062664,East Village,NY,40.7292688,-73.9873613
791674,Summit Valley,MT,45.7704829,-111.8924843
1380875,Little Hope,TX,32.7795752,-95.2568899
671706,Industrial,MS,30.5763017,-89.7634016
477452,Ottumwa,KS,38.2777968,-95.7988764
1265276,Lead,SD,44.3522065,-103.7651984
1173139,Delmont,PA,40.4131233,-79.5703201
1437550,Elba,UT,38.9499771,-109.5067879
543278,Harlem,LA,29.6229913,-89.9006241
1099067,Turner,OK,33.9401004,-97.3166840
1579744,Long Lake,WI,45.8427371,-88.6678995
507513,Black Gnat,KY,37.3042287,-85.4363535
973257,Wetmore,NY,43.6978473,-75.5590728
332456,Murray Hills,GA,33.4851363,-82.0484506
124176,Ocampo,AL,33.0315099,-86.7635974
1477846,Volens,VA,36.9351391,-79.0122369
1173933,Eastvue,PA,40.4659017,-79.8019922
1458485,Miltonboro,VT,44.6967124,-73.1870774
205240,Baltic,CT,41.6170428,-72.0845212
1672803,McNutt Creek,GA,33.9209494,-83.4109927
1870128,North Bay Terraces,CA,32.6992194,-117.0447504
2123836,Leona Heights,CA,37.7888889,-122.1783333
326214,Centerpoint,GA,31.9851606,-84.5301943
211753,Voluntown,CT,41.5706544,-71.8703497
1564671,Enterprise,WI,45.4971814,-89.2584545
691953,Hurricane Creek,MS,32.2109779,-88.4544784
113881,Bellemeade,AL,34.8478643,-87.5950266
1531223,Lawtonwood,WA,47.6689866,-122.4142967
1228574,Kings Park,SC,35.0415164,-81.6895436
1177946,Jacktown,PA,40.3300694,-79.7275444
955162,Lee,NY,43.2784027,-75.5715685
1498405,Blacksburg,VA,37.2295733,-80.4139393
543541,Numa,LA,29.9768709,-91.8917859
1681813,Preston,MD,38.7126151,-75.9099361
1064438,Bingham,OH,39.8475732,-80.9609310
156961,Rice,AL,34.3184276,-86.5336012
1379412,Bethel,TX,31.6515420,-99.9086929
755694,Appleton City,MO,38.1905819,-94.0293867
1379875,Hackberry,TX,33.9323030,-100.1476075
58311,Otwell,AR,35.7259105,-90.8378940
2481459,Armistead Manor,FL,28.1026000,-82.5579000
1555829,Truebada,WV,38.9300919,-80.7776011
1189209,Sygan,PA,40.3539583,-80.1367230
591014,Pinehurst,MD,39.1176099,-76.4335709
1493758,Warwick Village,VA,38.8342795,-77.0644219
953795,Irvine Mills,NY,42.0647857,-78.6369721
355583,Dyes Crossroad,GA,33.2107011,-82.1459538
1289942,Keefe,TN,36.3356218,-89.4420185
333371,Warwick,GA,31.8310072,-83.9187886
597115,Brandywine,MD,38.6967833,-76.8477485
1413260,Kalifornsky,AK,60.4183333,-151.2900000
609147,East Village,MA,42.3773122,-72.4975870
1243989,The Old Home Place,SC,33.8490613,-78.6219579
439701,Mount Summit,IN,40.0044908,-85.3846928
1675254,Franklin,VA,38.0431943,-78.4419549
966360,Sterling,NY,43.3259005,-76.6449491
1896160,Peninsula Point,AK,55.3833333,-131.7333333
1004410,Goose Pond,NC,36.1779351,-76.7749503
1010586,Croatan,NC,34.9684927,-76.9685559
1382942,Westville,TX,31.0724066,-95.1888259
1410730,Teller,AK,65.2636111,-166.3608333
1553695,Adamston,WV,39.2906448,-80.3578678
40863,Christopher Creek,AZ,34.3153145,-111.0170742
1020232,Ferguson,NC,36.0856861,-81.3684261
1504952,Fords Prairie,WA,46.7351021,-122.9890217
592093,Colonial Park,MD,39.3062175,-76.7205272
1380773,Whiteland,TX,31.1643359,-99.5058944
47243,Butterfield,AR,34.4273142,-92.8137801
1512046,Buena,WA,46.4287397,-120.3133898
1242150,Ridgecrest,SC,34.1743223,-79.8245081
508702,Niagara,KY,37.7208770,-87.4863955
502550,Sacramento,KY,37.4158784,-87.2655531
1492457,Algoma,VA,37.0559700,-80.0872607
1711627,Middletown South,MD,39.4339901,-77.5510992
633412,Niles,MI,41.8297694,-86.2541768
1326959,Mountain Home,TN,36.3106618,-82.3731959
326397,Middleton,GA,34.0992799,-82.7673589
1452235,Didier Minor,UT,40.5938367,-111.9279915
356221,Hatley,GA,31.8993436,-83.6132229
619883,Alabaster,MI,44.1864058,-83.5580320
458960,Meltonville,IA,43.4471859,-93.0263079
78216,Roseland,AR,35.8464632,-90.1012036
125165,Poplar Springs Branch,AL,34.7970320,-87.2555742
529945,Cloisters,DC,38.9112226,-77.0663665
42737,Del Rio,AZ,34.8230770,-112.4435036
1179032,Laureldale,PA,40.3881487,-75.9179849
874396,Asbury Park,NJ,40.2203907,-74.0120817
1629912,Arcadia,LA,32.5490406,-92.9201580
943028,Barnard,NY,43.2125619,-77.6427806
1255502,Hecla,SD,45.8830217,-98.1520474
352009,Plum Nelly,GA,34.7923006,-85.4860742
972206,Bean Hill Crossing,NY,44.3306106,-75.7880075
333134,Stoney Point,GA,33.4431690,-85.1930015
58743,Thorney,AR,35.9953566,-93.9324192
422455,Belltown,IL,39.3825472,-90.4078983
1451439,Draayer,UT,41.1485551,-112.0396648
595748,Choptank Pines,MD,39.0056694,-75.7718766
2485300,Timberlane,FL,28.0232000,-82.5959000
615246,Nashaquitsa,MA,41.3209466,-70.7697505
654857,Oaks Corner,MN,48.4244187,-94.9499647
591998,Tolchester Heights,MD,39.2167759,-76.2371762
1493205,Little Baltimore,VA,38.1837382,-79.3825394
470270,Conway Springs,KS,37.3902975,-97.6422723
332929,Roswell,GA,34.0231553,-84.3615928
421817,Geneva Road,IL,41.8880843,-88.1514592
1296154,Oak Park,TN,35.3459128,-86.2180455
122080,Lower Peach Tree,AL,31.8407077,-87.5452737
244564,Landers,CA,34.2661140,-116.3930703
485455,Hodges,KS,37.8166837,-99.3837268
57144,Orton,AR,33.6462319,-93.9235200
1049362,Zoar,OH,40.6142286,-81.4223375
1380463,Round Prairie,TX,31.2960117,-96.3644142
1430350,Mills,UT,39.4827344,-112.0279887
156474,Hillcrest,AL,32.4515248,-87.4747232
2462702,Silver Springs,NY,42.9686111,-73.9016667
875034,Burkesville,NJ,40.1606680,-74.4209835
158009,Martins Mill,AL,33.6348248,-86.0683047
1380218,Mount Joy,TX,33.4751077,-95.6207913
597030,Avenel,MD,39.0026100,-76.9799758
1244310,Parkwood,SC,33.9648731,-81.1534300
1030409,Niles,ND,48.2811097,-99.3493019
1233610,Botany Woods,SC,34.9618105,-81.0581329
543679,Solley Hill,LA,32.8673610,-94.0362933
730044,Alanthus Grove,MO,40.3069365,-94.5441279
1183302,Park Place,PA,40.8384209,-76.0979890
57775,Friendship,AR,34.2231482,-93.0029519
396782,Lenore,ID,46.5085066,-116.5509813
1246239,Kershaw,SC,34.5518201,-80.5836836
875395,Cherry Quay,NJ,40.0265059,-74.1229169
332280,Luke,GA,31.3379538,-85.0002053
2025911,Timbercrest,IL,41.8597503,-88.4636892
1288120,Hollywood,TN,35.4784080,-87.0480619
121414,Lauderdale Beach,AL,34.8634193,-87.5689148
606455,Farm Hill,MA,42.4939841,-71.0906086
1019460,Bynum,NC,35.7740346,-79.1422354
1404738,King Salmon,AK,58.6883333,-156.6613889
1180787,McMurray,PA,40.2778478,-80.0839432
449083,Billie Creek Village,IN,39.7614298,-87.2019582
1637844,Elmonica,OR,45.5126170,-122.8548230
295229,Cross Bayou,FL,27.8578019,-82.7337119
729597,Osborn,MO,39.7495990,-94.3552270
1617413,Alverno,MI,45.5586223,-84.3916953
615907,Brewster,MA,41.7601093,-70.0827960
1956499,Benthill,VA,37.6879212,-77.3399797
509333,Weeksbury,KY,37.3278808,-82.6882120
654602,Berning Mill,MN,45.2069086,-93.6244068
741240,Sank,MO,37.1717190,-90.0137105
295648,Steele City,FL,30.7243606,-85.3877065
1191586,Windsor Park,PA,40.2150900,-76.9763646
1197687,Valley-Hi,PA,40.0292505,-78.1913988
363029,Schofield Barracks,HI,21.3959997,-158.1001659
1380077,Lena,TX,29.8852258,-97.0352622
1296155,Oak Plains,TN,36.4292163,-87.1691712
673505,Metcalfe,MS,33.4540044,-91.0073273
1204540,Rootville,PA,41.7747797,-79.8708865
950679,Freeville,NY,42.5139608,-76.3466014
676569,Reedtown,MS,32.0759874,-90.6428770
869663,Rye North Beach,NH,43.0128677,-70.7353294
724066,Pasley,MO,36.6281236,-93.8885332
1176735,Heberlig,PA,40.1923091,-77.4897087
1212321,Brookside,PA,40.5323124,-76.3866229
1178027,Jeffersonville,PA,40.1289962,-75.3721281
423101,Raven,IL,39.8039252,-87.5461313
1500874,Carrico,VA,38.4673485,-77.8594388
1253339,Woodlawn,SC,32.7557329,-79.9898136
529287,Cathedral Heights,DC,38.9256668,-77.0774778
1002525,Arrowhead,NC,36.1595839,-79.1275138
1495396,Clear Brook,VA,39.2564912,-78.0961110
1495736,Hyacinth,VA,37.9906864,-76.5902332
408028,Englewood,IL,41.7797559,-87.6458836
840904,Harney,NV,40.5774163,-116.3248028
877666,Lanes Mills,NJ,40.0912265,-74.1526409
2042345,Harbor Terrace,NJ,40.5084389,-74.2626456
1070668,Augusta,OH,40.6858935,-81.0209264
1040526,Flint,OH,40.1272854,-83.0057394
1672927,Winter Hills,GA,33.9662256,-83.2845993
590288,George Island Landing,MD,38.0428990,-75.3615845
542165,Stewart Plantation,LA,30.7210182,-91.5331704
640870,Cannon Falls,MN,44.5069113,-92.9054840
464333,Coal City,IA,40.5972437,-92.7188057
1438576,Belknap,UT,38.5149744,-112.2635374
1064912,Jewett,OH,40.3678437,-81.0053731
1003051,Country Club Hills,NC,35.8276508,-78.6591703
1477356,Glenns,VA,37.5656966,-76.6127322
590002,Columbia,MD,39.2403841,-76.8394184
1510963,Farrington,WA,46.5395844,-118.5785986
216187,Postles Corner,DE,39.1348349,-75.4479761
6981,Old Leupp,AZ,35.2838998,-110.9651408
1506158,Lincoln,WA,47.8290456,-118.4149920
1661126,Nyland,CA,34.2255601,-119.1351059
1174036,Effort,PA,40.9392584,-75.4349070
1852850,Stonegate,CO,39.5308222,-104.8038649
57264,Ames,AR,33.5748390,-93.2171124
2488753,Green Valley Gardens,PA,40.3320850,-76.0373860
1233204,Burris,SC,34.4734447,-82.4345695
464115,Glen Ellen,IA,42.4186042,-96.3203053
1685957,Kings Crossing,GA,34.0670436,-84.5385430
1617792,Pleasant View,MI,45.5072322,-84.9144969
58204,Monroe,AR,34.7348192,-91.1045658
2483939,Preserve at Fletcher Avenue,FL,28.0665000,-82.3675000
651815,Sebeka,MN,46.6299600,-95.0889136
1002798,Blackhawk,NC,35.8123726,-78.7927838
1411046,Tok,AK,63.3366667,-142.9855556
496184,Lees Lick,KY,38.3359075,-84.4185495
1310844,Saint Truitt,TN,35.0245269,-87.3711310
741277,Spring Bluff,MO,38.2956050,-91.2379249
1315231,Hickory Point,TN,35.4450813,-89.2964584
1098797,Temple,OK,34.2720338,-98.2358781
1231805,Slighs,SC,34.1984768,-81.4503799
607916,Camp Lenore,MA,42.4398079,-73.0926015
1278395,Brims Corner,TN,35.8006289,-89.1722897
494106,Hi-Acres,KY,38.0600773,-84.4468815
684305,Ituma,MS,33.2306809,-90.1050846
676811,Roebuck,MS,33.4448435,-90.2345281
1452113,Hilton Villa,UT,40.6396698,-111.8593787
204772,Guffey,CO,38.7511041,-105.5213840
420544,Wartburg,IL,38.2906087,-90.1956696
159309,Campbells Crossroads,AL,33.3701114,-85.8766312
1572337,Riplinger,WI,44.8249651,-90.4031920
1315554,Mount Orange,TN,35.9567361,-89.0033992
1628828,Clausen,LA,29.7160418,-91.4539986
1711196,Colonial Heights,MD,39.6292649,-77.4002645
898829,Palomas,NM,35.1283903,-103.9177477
508783,Payne,KY,36.6636687,-88.6508834
1193710,Davidson Heights,PA,40.5834004,-80.2597829
1647734,Camp Tom Howard,TN,36.5390026,-81.9931788
1382119,Lamasco,TX,33.6951022,-96.0666426
1246094,Huger,SC,33.0965591,-79.8034120
1477178,Carps Corner,VA,37.5237564,-77.0088567
1495070,Mount Pleasant,VA,36.7101499,-76.1357677
479628,Homewood,KS,38.5147358,-95.3788661
1567317,Junction City,WI,44.5907989,-89.7673452
654821,Marysburg,MN,44.2402450,-93.8168974
507534,Blue River,KY,37.6192636,-82.8437732
1867113,Bayonet Point,FL,28.3266726,-82.6834337
114799,Boylston,AL,32.4284702,-86.2794135
1379931,Hilburn,TX,34.3656281,-102.0904625
1023141,Weaver,NC,36.0487550,-78.8733406
2458881,Belle Oaks,VA,38.3095000,-77.3955000
1100557,Kusa,OK,35.4492703,-95.9241634
1048892,La Croft,OH,40.6458972,-80.5978492
1287753,Highland Park,TN,35.6053496,-87.0405611
1451918,Nathan Circle,UT,40.6702251,-111.8282669
1329253,Agua Dulce,TX,27.7816920,-97.9086105
1232500,Wayside Forest,SC,33.5465576,-79.0478154
1168152,Alinda,PA,40.3464734,-77.2844290
212574,Titicus,CT,41.2923175,-73.5034572
459774,Oakley,IA,41.1011092,-93.3652107
294952,Tropic,FL,28.1644573,-80.6158860
443878,Southmoor Park,IN,41.4758698,-87.3461474
1453159,Burnett,UT,41.1763330,-111.9599413
1269993,Shelbyville,TN,35.4834060,-86.4602717
1431565,Randlett,UT,40.2327390,-109.8076438
1749603,Flint Hill,VA,39.0695514,-77.7399939
507127,Woodville,KY,37.0967204,-88.8733935
1563711,Darboy,WI,44.2433205,-88.3239955
406909,Custer Park,IL,41.2453096,-88.1300559
471018,Kanona,KS,39.7966716,-100.3898642
1661643,Vinland,CA,35.7149542,-119.2348307
543206,Flower Hill,LA,30.8818466,-91.4167806
947765,Crompond,NY,41.2950939,-73.8654141
1048571,Burton Lake,OH,41.4286645,-81.1867675
1555964,Whipple,WV,37.9617783,-81.1659362
421793,Esmond,IL,42.0336383,-88.9356512
1657932,Andesite,CA,41.5323739,-122.2047335
655713,Chippewa City,MN,47.7596134,-90.3020483
1184484,Pughtown,PA,40.1667662,-75.6654739
723867,Oscar,MO,37.4142122,-91.8304300
1315694,Peppertown,TN,35.0059159,-87.3902984
659211,Covill,MN,47.7951693,-90.1606549
1785600,Woods Crossing,CA,37.9402032,-120.4343622
801980,Bend,MT,47.9093879,-115.0495919
149078,Mays,AL,34.0987072,-86.1860879
590320,Glenallen,MD,39.0595533,-77.0424775
1772616,South Englewood,IL,41.7467004,-87.6619944
579577,North Trescott,ME,44.8595231,-67.1316507
403496,Andalusia,IL,41.4391986,-90.7176410
1992981,Beech Hills,PA,40.3356244,-79.5733745
970770,West Kendall,NY,43.3358919,-78.0758511
879451,Possumtown,NJ,40.5545477,-74.4915428
1617933,Westchester Heights,MI,42.9191973,-84.3810870
579096,Abbotts Mill,ME,44.4758985,-70.6320111
1001674,Orleans,NC,35.4698550,-81.4025863
1231644,Perry,SC,33.6268163,-81.3114919
543058,Carlyss,LA,30.1688187,-93.3759893
1014327,Pensacola,NC,35.8478923,-82.3081814
1576320,Waupaca,WI,44.3580348,-89.0859464
1477691,Rockland,VA,38.9895532,-78.1411103
1380482,Salt Gap,TX,31.3037756,-99.5992306
1253941,Bixby,SD,45.1483192,-102.5618276
1100126,Nobscot,OK,35.8486574,-98.7356415
1024233,Pooletown,NC,35.5906948,-80.2428313
1951784,Indian Creek,OH,41.5550511,-83.5082651
508923,Republic,KY,37.3726062,-82.3629240
436931,Jamestown,IN,39.9267106,-86.6288926
2483083,Logan Place,FL,28.0586000,-82.5631000
1067247,Reeds Run,OH,40.5297862,-81.4281702
1686988,Laurel Hills,GA,34.3681558,-83.7976786
773254,Laurel,MT,45.6691159,-108.7715328
396984,Orchard,ID,43.3146137,-116.0262139
2025855,Empire Hills,IL,41.9566938,-88.4284131
440204,Normanda,IN,40.3025372,-86.1647143
1617717,Merriman,MI,45.9174534,-88.0556856
166157,Mardisville,AL,33.3845542,-86.1591395
1181451,Monterey,PA,39.7381501,-77.4713784
832484,Red Cloud,NE,40.0889025,-98.5195049
683011,Self Creek,MS,33.4654005,-89.0111719
1210294,Rolfe,PA,41.4975616,-78.6886376
1660501,Colima,CA,33.9447352,-118.0136760
1209745,Lamont,PA,41.6122838,-78.8069756
943213,Bayview,NY,42.1767243,-79.3978254
1500290,Webster,VA,37.3515254,-79.8267047
57367,Bethesda,AR,35.7914651,-91.7884764
646728,Linwood,MN,45.3569096,-93.1116118
1158435,Raleigh Hills,OR,45.4806734,-122.7620422
856142,Steptoe,NV,39.4068829,-114.7639054
2106973,Williamsport,MI,44.3583333,-86.2638889
899956,Tinian,NM,35.8400206,-107.3261570
264592,Peanut,CA,40.4679229,-123.1686374
2483166,Mango Groves,FL,27.9910000,-82.3008000
740193,Douglas,MO,40.1044383,-94.5969058
408153,Fairgrange,IL,39.5786452,-88.1717080
491881,Fairmeade,KY,38.2489600,-85.6338500
776628,Slab Crossing,MT,48.2877991,-104.6982957
1708898,Pine Valley,MD,39.1367746,-76.8858074
252644,Carmen City,CA,38.0474231,-120.6907637
1570878,Osman,WI,43.9686048,-87.8209221
2090491,Clopton Heights,VA,37.3450000,-76.5358333
630237,Le Roy,MI,44.0380689,-85.4539403
1061491,McComb,OH,41.1075523,-83.7927147
1852437,Elmwood,LA,29.9565932,-90.1897975
577556,Unionville,ME,44.5789662,-67.9902826
1659722,Fluhr,CA,37.3627172,-120.5776944
1172233,Colonial Park,PA,40.3006446,-76.8096938
155772,Omni,AL,31.3232266,-85.8110483
1617970,Chassell,MI,47.0282616,-88.5251245
24639,Taliesin West,AZ,33.6069871,-111.8431983
433632,Dongola,IN,38.3719926,-87.3402914
470274,Norwich,KS,37.4572405,-97.8489433
1537194,Chapel,WV,38.7475963,-80.8048233
972494,Fort Hill,NY,43.0167277,-77.9702891
294726,Council,FL,26.3759160,-81.8036975
1492493,Ashland Mill,VA,37.8065305,-77.4730386
543236,Gilleyville,LA,32.3029265,-91.8945740
115688,Castleberry,AL,31.2990599,-87.0224721
1349531,Waskom,TX,32.4787645,-94.0596305
1359420,Holliday,TX,33.8162095,-98.6950596
845650,Sand Pass,NV,40.2615713,-119.7793650
2483630,Jean Place,FL,27.9311000,-82.5022000
881937,Woodmansie,NJ,39.8678953,-74.4665395
558978,Forest Heights Park,LA,30.5201889,-91.1148280
590765,Mayfield,MD,39.0959423,-76.6966350
355254,Commerce,GA,34.2039970,-83.4571058
906073,El Porvenir,NM,35.6967059,-105.3827902
957453,Mitchellsville,NY,42.4081269,-77.2897012
484425,Maple City,KS,37.0558643,-96.7683629
1062471,Ferndale,OH,41.7167157,-83.5999357
2575376,Hogsink,OH,39.9077778,-80.9900000
156096,Booneville,AL,31.2010074,-87.6030443
1029028,Fortuna,ND,48.9100315,-103.7793697
1873353,Quail Meadows,CA,36.5327390,-121.8696747
637271,Saugatuck,MI,42.6550248,-86.2019826
964672,Scotia,NY,42.8264652,-73.9642915
1379861,Greenwood,TX,33.1026177,-95.3230016
1494967,Green Cove,VA,36.6176183,-81.6431702
1064923,Kendeigh Corner,OH,41.3786559,-82.2526574
861100,Reno,NV,39.5296329,-119.8138027
751964,Roselle,MO,37.5994960,-90.5259545
729575,New Florence,MO,38.9103198,-91.4482167
396313,Cocolalla,ID,48.1079655,-116.6174178
1181555,Morgans Land,PA,40.8328387,-78.5397459
1247425,Crocketts Crossroad,SC,34.6920919,-80.7875702
1362162,Marble Falls,TX,30.5782446,-98.2728003
1483380,Farmers Store,VA,36.9298431,-80.9409136
1100889,Titanic,OK,35.9009213,-94.7721722
1852623,Brimhall Nizhoni,NM,35.7675177,-108.6434161
831340,Minden,NE,40.4986252,-98.9478594
1199128,McClintock,PA,41.4561707,-79.6883855
1189485,Thomas Mill,PA,40.2259090,-78.9872487
551851,Loyd,LA,31.0446341,-92.3584657
420252,Vera,IL,39.0342114,-89.1131251
667134,Big Point,MS,30.5868621,-88.4819601
541131,Lorraine,LA,30.5060249,-90.2784168
1456532,Bowman Corners,VT,44.5736605,-73.0570755
688735,Sonora,MS,33.8451143,-88.9992266
1802955,West Hills,NY,40.8162099,-73.4323438
692390,Altus,MS,34.3409395,-89.3961887
654293,Withrow,MN,45.1241335,-92.8974352
280090,Carver,FL,28.6572150,-82.1023069
964303,Salisbury,NY,43.1342367,-74.8240402
148837,Elk Shores,AL,34.8175872,-87.2214061
1347617,Sowers,TX,32.8284618,-96.9933403
119599,Halls Crossroads,AL,31.4023886,-87.3313723
1279351,Camargo,TN,35.0823061,-86.6358299
128492,Wagarville,AL,31.4362772,-88.0283358
508866,Poverty,KY,37.5708791,-87.3211110
205383,Beaverbrook,CT,41.4112060,-73.4198433
509023,Scuffletown,KY,37.8725632,-85.6485695
508611,Milo,KY,37.9164819,-82.5768204
1573503,Saint Peter,WI,43.8363792,-88.3414934
706921,Rocky Ford,MS,34.3709374,-89.1134005
420339,Volo,IL,42.3261332,-88.1678610
512007,Eberle,KY,37.2995316,-84.0802086
1452458,Velbar,UT,40.6680025,-111.9516039
1709242,Pine Haven,MD,39.1495535,-76.5369076
1570767,Old Albertville,WI,44.9366275,-91.6001653
828603,Dawson,NE,40.1311123,-95.8305486
1212743,Hoovertown,PA,41.2164489,-78.5844681
300892,Oak Ridge Park,FL,29.6358017,-81.9534265
1272567,Thornton,TN,35.8823017,-84.1479703
1670741,Fernside,CA,37.7652065,-122.2288573
981477,Bilboa,NC,35.9559790,-78.8527848
1461313,Rawsonville,VT,43.1459101,-72.8403761
415418,Parrish,IL,37.9414380,-88.8128415
1467734,Hardins Corner,VA,37.8187451,-76.3963371
332492,New Point,GA,32.0548853,-84.3024115
331340,Cash,GA,34.4898102,-84.8185497
1204631,Shaytown,PA,41.9061767,-78.1725097
1124870,Nyssa,OR,43.8768289,-116.9948804
290518,Sand Cut,FL,30.4215868,-87.3280300
1065449,Walnut Grove,OH,40.4272765,-83.6232630
1496064,Pauls Crossroads,VA,37.8651379,-76.9102437
2092274,Valley View Terrace,MN,44.6269444,-93.7755556
1163084,Keizer,OR,44.9901194,-123.0262077
1056513,Shademoore,OH,39.1381158,-84.3682728
1136515,Marcola,OR,44.1723482,-122.8606374
1736176,Willeford,IL,37.6561611,-88.8517321
1183215,Paisley,PA,39.8625764,-79.9547774
509161,Sunfish,KY,37.2969936,-86.3696995
2354639,Village Green,CO,39.6938889,-104.8136111
294770,Florence,FL,30.5938069,-84.4826869
623530,Coddes Beach,MI,45.4427895,-84.2191830
1519971,Glacier,WA,48.8901226,-121.9457016
509108,Spider,KY,37.2587108,-82.9121053
876366,Five Points,NJ,41.0862075,-74.8576687
1191119,West Tarentum,PA,40.5964556,-79.7703268
356738,Frogtown,GA,33.9003923,-83.6012781
673862,Moselle,MS,31.5023903,-89.2789495
2354577,Columbine Heights,CO,39.5963889,-105.0494444
440908,Parr,IN,41.0272586,-87.2186374
507637,Caleast,KY,37.6903583,-84.3318776
1379548,Chunky,TX,35.3994939,-101.8407390
737927,Tauria,MO,36.8058924,-93.3460193
1379013,San Carlos,TX,26.6794990,-98.8536392
958369,Neponsit,NY,40.5717720,-73.8615243
1379866,Grow,TX,33.8098046,-100.2987226
2407579,East Lake,FL,27.9897140,-82.3906040
1033797,Shepard,ND,47.3897152,-98.1320403
1213627,Huntingdon,PA,40.4847959,-78.0102813
654587,Baroda,MN,43.7207885,-93.6749448
992281,Pine Ridge,NC,36.4990207,-80.7172898
553966,Cheniere au Tigre,LA,29.5682736,-92.2031856
406902,Curran,IL,39.7422737,-89.7720477
1315405,Line Spring,TN,35.6967565,-83.6521133
510928,Brinegar,KY,38.2211928,-83.2899020
1826866,Forest Hill,IL,41.7569778,-87.6828288
1461450,South Wallingford,VT,43.4128495,-72.9926045
471077,Jennings,KS,39.6794486,-100.2934724
597558,Hillmeade Manor,MD,38.9845549,-76.7944146
332282,Lulaton,GA,31.2157799,-81.9037243
1177990,Janesville,PA,40.7600606,-78.4214086
60545,Corinth,AR,33.5509431,-91.9876354
2484344,Murray Heights,FL,27.8868000,-82.4917000
1205096,Weiders Crossing,PA,40.7842609,-75.6051865
1451601,Ketchum,UT,40.7099458,-112.0524407
1700001,Rhinehart,AL,34.3703673,-85.5535729
1711694,Roberts Retreat,MD,39.4053796,-77.4891533
673134,Marietta,MS,34.5020433,-88.4689382
507708,Clarks Corner,KY,37.0419999,-85.6610802
2413638,Lake Marcel,WA,47.6943350,-121.9212060
1286110,Green Meadow,TN,35.1228520,-84.8935563
1021306,Lukens,NC,34.9707172,-76.5740943
357494,Valley Hills,GA,32.4765311,-84.9027084
1723413,Brockway Vista,CA,39.2379625,-120.0151906
1569847,Mount Sterling,WI,43.3152560,-90.9287389
953784,Ironsides,NY,42.9208999,-76.2132603
1222806,Grahamville,SC,33.8215604,-78.9108620
1015831,Stiles,NC,35.2803722,-83.4848807
1019221,Blossomtown,NC,35.1503719,-83.3934878
718308,Gainesville,MO,36.6031184,-92.4282170
1780754,Glen Echo Place,VA,37.5162585,-77.5338757
730590,Jaegers Shop,MO,38.4611607,-91.2993209
559344,Acadian Place,LA,30.4110248,-91.0692707
1231843,Summer Hill,SC,33.5059692,-81.9545594
126069,Ryland,AL,34.7698126,-86.4808227
979942,Chestnut Ridge,NY,41.0842630,-74.0556966
1304896,Auburntown,TN,35.9475631,-86.0972118
2034566,Lakeside Heights,TX,30.6885171,-98.4125289
835444,Sears,NE,41.8933001,-104.0055043
1987034,Southview,VA,39.1306609,-78.1552781
750298,Hercules,MO,36.7075606,-92.8729505
331355,Cedar Grove,GA,32.2501736,-82.8820856
148380,North Haven,AL,33.3681712,-87.5583396
1061488,Maysville,OH,40.6972799,-81.7926342
216105,Gum Crossroads,DE,38.6540031,-75.4729770
1378197,Cypress Creek,TX,30.0174357,-98.9769814
1170419,Browntown,PA,40.3339583,-79.7328224
2481569,Bearss Glen,FL,28.0835000,-82.4577000
835375,Mayberry,NE,40.2230557,-96.3119570
929284,La Union Vieja,NM,31.9409357,-106.6694374
575926,South Windsor,ME,44.2792378,-69.5986547
440729,Otis,IN,41.5992069,-86.9058614
1437358,Nicoletti Drive,UT,40.6193921,-111.8888240
946985,Cochecton,NY,41.7059217,-75.0604458
881067,Sykesville,NJ,40.0637237,-74.6184900
1062964,Reeds,OH,38.7828489,-83.9093712
1867607,East Wenatchee Bench,WA,47.4256825,-120.2811818
1330040,Barker,TX,29.7843955,-95.6849469
508814,Phelps,KY,37.5128846,-82.1501331
874308,Alloway,NJ,39.5609470,-75.3624151
2482607,Briarwood,FL,28.0502000,-82.4361000
1564532,Elkhorn,WI,42.6727927,-88.5445447
1020631,Harrisburg,NC,35.3237528,-80.6559017
148690,University Place,AL,33.1959521,-87.5408393
71604,Fern,AR,35.6389719,-94.0163117
878275,Mettler,NJ,40.4992707,-74.5418219
973103,Spawn Hollow,NY,42.5395242,-73.8667920
1571045,Park Ridge,WI,44.5194129,-89.5459513
1698371,Jarrettswood,MD,39.5901058,-76.4632972
719177,Hartford,MO,40.4697436,-92.8357555
1469093,Ladysmith,VA,38.0176363,-77.5152606
1419726,Dutch Harbor,AK,53.8898000,-166.5422000
634905,Pine Creek,MI,42.8278004,-86.1375431
1554895,Kohlsaat,WV,37.9417721,-81.7045608
883499,Riviera on the Bay,NJ,40.0023398,-74.1287503
398047,Ririe,ID,43.6318576,-111.7735750
612445,East Mansfield,MA,42.0231552,-71.1772722
1352728,Bovina,TX,34.5136823,-102.8829977
1658142,Broderick,CA,38.5910161,-121.5171781
1021023,Kellum,NC,34.8046063,-77.3560712
1604592,Saddlestring,WY,44.4549714,-106.8972790
1218485,Bristol Highlands,RI,41.6962128,-71.2872718
552130,Hickory Place,LA,32.4195991,-93.8057359
1022435,Royal,NC,35.2896146,-76.7693746
376181,Turner,ID,42.5765864,-111.8188426
2484410,North Way,FL,28.0230000,-82.4823000
957008,Merrillsville,NY,43.0189568,-75.6710159
1124069,Merrill,OR,42.0251516,-121.6005501
420750,Wenona,IL,41.0525331,-89.0503587
1230382,Sullivan Crossroads,SC,33.9212384,-82.1153985
1065778,Milligan,OH,39.7278465,-82.1018099
422463,Binney,IL,38.9900462,-89.7273148
1658951,Laytonville,CA,39.6882116,-123.4827942
652336,South Rushford,MN,43.7960755,-91.7551479
1477723,Scotts Corner,VA,37.8834684,-76.6063442
507976,Falls of Rough,KY,37.5900543,-86.5488713
588297,Winfield,MD,39.4473245,-77.0549812
1203741,Half Falls,PA,40.4886958,-76.9516428
593880,Worthington Ridge,MD,39.4706613,-76.7383078
1308018,Scenic Terrace,TN,35.7684165,-83.9574034
302707,Buena Vista,FL,28.3716750,-81.5239618
355058,Cedar Grove,GA,34.7167464,-85.4260719
2486687,Whipple Park,NY,43.1083333,-77.6361111
684552,Parkway,MS,34.2653843,-88.7100529
1051343,Southridge,OH,39.8947823,-83.7702044
1100172,Alston,OK,36.4361478,-99.2903832
1380278,Oakland,TX,28.9919142,-95.4438311
590133,Edgemere,MD,39.2420525,-76.4480160
462603,Walcott,IA,41.5847516,-90.7720884
1029242,Grenora,ND,48.6183606,-103.9379866
756935,Yeatman,MO,38.5433868,-90.6120700
1643021,Bat Harbor,TN,35.9325980,-83.1307099
69550,McCreanor,AR,34.7834244,-91.7951360
422421,Atwater,IL,39.3328280,-89.7250937
2356018,Indian Oaks,IL,41.7016667,-88.0841667
987917,Kennebec,NC,35.5401590,-78.7472358
2074867,Silver Beach,NY,40.8116667,-73.8063889
2002037,Cedar Knoll Park,IA,42.4347102,-92.2960178
1289286,Jamestown,TN,35.5511922,-89.8623065
981743,Boonville,NC,36.2326362,-80.7081209
416653,Ridgewood,IL,41.5355867,-88.0403351
332534,Oak Mountain,GA,33.5606666,-85.0207763
153371,Seloca,AL,33.7987129,-86.8211060
596690,Shiloh Manor,MD,38.5887274,-75.8760464
959393,Onondaga Hill,NY,43.0047882,-76.1832587
73282,Reynolds,AR,35.9820217,-93.5996326
1315878,Scandlyn,TN,36.0100773,-84.3846509
1234101,Emerald Place,SC,34.2081792,-82.1140093
1051390,Lagonda,OH,39.9350601,-83.7763163
591521,West Hills,MD,39.2956621,-76.7133046
264127,North Columbia,CA,39.3726713,-120.9871723
959338,Olean,NY,42.0775650,-78.4297419
119301,Graymont,AL,33.5139945,-86.8330462
1698843,Temple Hills,MD,39.4926080,-76.3205142
2459150,Norwood Knolls,MD,39.1084000,-77.0099000
965762,South Hamilton,NY,42.7678480,-75.4548979
1660360,Borosolvay,CA,35.7349549,-117.4017239
1661510,Stratford,CA,36.1893956,-119.8231877
1183765,Pine City,PA,41.3050615,-79.5075471
146415,Dry Valley,AL,33.0778974,-86.8166545
874952,Broad Lane,NJ,39.6703936,-74.9262774
1065131,New Pittsburgh,OH,40.9958891,-82.7310120
1028203,Burnstad,ND,46.3855323,-99.6326107
1209725,Ketner,PA,41.5392286,-78.6303025
1698743,Henley Park,MD,39.4889974,-76.2488450
449829,Stoutsburg,IN,41.1914267,-87.1139155
475419,Susank,KS,38.6408447,-98.7739711
191259,Marigold,CO,38.6611032,-105.2213741
1705352,Hills Park,GA,33.8051054,-84.4343731
964423,Sandy Beach,NY,43.0564452,-78.9597629
1566657,Honey Lake,WI,42.7158497,-88.3059258
2485213,Temple Terrace Plaza,FL,28.0389000,-82.3951000
1261040,Mawl Springs,SD,44.0872090,-102.8004484
422825,Hubly,IL,40.1356014,-89.6589953
535020,Foley,LA,30.6607532,-92.7423681
326264,Elpino,GA,30.9971322,-84.2312921
1661484,South Whittier,CA,33.9608463,-118.0417328
509077,Slickford,KY,36.6875697,-84.9205028
2514665,Chippewa,MI,43.8794444,-85.1097222
749903,Faro,MO,37.4472748,-90.4376178
1030403,Niagara,ND,47.9963820,-97.8703719
72317,Liberty,AR,35.0275972,-94.2310436
1609125,Midwest,WY,43.4113604,-106.2800243
2092447,Green Run,VA,36.7983333,-76.0919444
1659531,Rock Creek,CA,39.9026627,-121.3530221
319907,Odum,GA,31.6660432,-82.0278950
1276495,Baugh Spring,TN,35.1772952,-84.9868938
973260,Whipple Corner,NY,42.4667392,-76.5724439
2034873,Patonia,TX,30.8540786,-95.0254907
1894230,Egorkovskoi,AK,53.5638889,-168.0000000
2484241,Meadowood Oaks,FL,28.0264000,-82.3655000
1454049,Royal Oaks,UT,41.1207771,-111.9063290
965718,South Cambridge,NY,42.9642443,-73.4767806
411517,Kingston,IL,39.8167138,-91.0279132
1136295,Fords Mill,OR,44.5640118,-122.7220312
1188284,Springdale,PA,39.9506543,-76.7146895
1499723,McMullen,VA,38.3484618,-78.4577875
1174902,Flicksville,PA,40.8442630,-75.2015672
361505,Kukaiau,HI,20.0299851,-155.3484445
332157,Klondike,GA,32.3482122,-83.5760115
1244620,North Deerfield,SC,33.9418231,-80.4025819
1452576,Little Cottonwood Valley,UT,40.6138368,-111.8518783
332426,Mossy Dell,GA,31.7607270,-84.1132405
1497258,Fore Store,VA,37.4020905,-78.6733408
608726,Cold Spring,MA,42.6625846,-72.5134218
300147,Saint Joe Beach,FL,29.9021510,-85.3621418
962980,Round Lake,NY,42.9386872,-73.7898429
202813,Lafayette,CO,39.9935959,-105.0897058
898740,Carnero,NM,34.6242341,-105.3869485
1480282,Park,VA,38.2101295,-77.2374789
972445,Elm Tree,NY,42.1558904,-79.4739371
443251,Shady Lawn,IN,41.3930918,-87.3547575
1210897,New Village,PA,40.8606516,-75.2043453
2483102,Loveras,FL,27.9620000,-82.4386000
2485004,Southland,FL,27.9314000,-82.5092000
1676213,Hickory Hills,MD,38.6584524,-76.5780135
1065011,Little Sandusky,OH,40.7386683,-83.2151948
1437494,Bacchus,UT,40.6630014,-112.0960527
113100,Antioch,AL,31.7590481,-85.8891149
579544,Mosher Corner,ME,44.7825637,-69.4192146
252993,Tangair,CA,34.7544255,-120.6110036
57150,Parkers Corner,AR,34.6575935,-91.7187442
252086,Micaflores,CA,33.8041827,-117.9078361
1509784,Cougar Hills,WA,47.5651001,-122.1178990
421291,Wilson Heights,IL,38.7128261,-89.9337118
2090512,Rollingwood,VA,36.9241667,-76.5216667
295532,Perkins,FL,30.4540896,-84.2223976
133598,Choctaw Corner,AL,31.9348745,-87.7547267
438539,Manville,IN,38.7878375,-85.2855117
1203833,Hood,PA,40.3609394,-74.9629454
1772789,Humboldt Park,IL,41.9028099,-87.7208896
1487004,Seven Mile Ford,VA,36.8103931,-81.6295618
1713827,Terrace Hills,MD,39.6681513,-77.7022152
1710119,Royale Glen,MD,38.9248346,-76.6510762
251007,Vestal,CA,35.8396752,-119.0848252
1184738,Reagantown,PA,40.1395167,-79.6486516
452178,Highbank Town,IN,38.5144943,-87.1502866
1811048,Gaslight Village,IL,41.3453096,-88.3936776
589993,Cloverlea,MD,38.8776145,-76.5135697
1511272,Rosburg,WA,46.3309400,-123.6384763
590307,Glebe Heights,MD,38.9273352,-76.5424610
1411495,Ukak,AK,60.7275000,-164.9325000
1617731,Morseville,MI,43.2364148,-83.8660778
153894,Warsaw,AL,32.9376282,-88.2030841
202732,Evans,CO,40.3763701,-104.6921874
1712525,Cedar Grove Knolls,MD,39.2509387,-77.2302614
1477480,Lazy Oak Corner,VA,37.1184825,-76.8952395
446699,Little Charlie,IN,40.8250409,-86.2019404
1499199,Burtonville,VA,38.2731862,-78.3488963
24929,Links Point,AZ,33.5933751,-111.9687576
1628883,Charleston Square,LA,30.2871385,-89.7561736
1243008,Hampton Shores,SC,34.7417660,-82.9545933
507507,Big Eddy,KY,38.1700728,-84.8582832
1254320,Chancellor,SD,43.3722033,-96.9869970
1577503,Bannerman,WI,43.9966452,-89.2251191
1096284,Oologah,OK,36.4470387,-95.7083151
1790834,Charlton Village,VA,36.7990377,-76.4352236
2484716,Wheeler Road,FL,27.9737000,-82.2914000
1019191,Bixby,NC,35.9401370,-80.4550565
1184516,Quakake,PA,40.8517540,-76.0360408
2482467,Everett,FL,27.9439000,-82.3941000
326353,Killarney,GA,31.1374041,-84.9413152
423248,Tomlinson,IL,40.3189223,-88.2331049
870107,Springfield,NH,43.4950735,-72.0334187
691640,Prince Chapel,MS,32.9042969,-88.9064444
1245634,Watson Orchard,SC,34.8612287,-82.3298406
1629031,Slidell Manor,LA,30.3068612,-89.8195100
1867382,Acomita Lake,NM,35.0703192,-107.6136628
2542973,Southgate Park,TN,35.3447222,-86.1972222
719507,Higbee,MO,39.3047584,-92.5126805
437781,Leo,IN,41.2233828,-85.0110793
1048898,Lakeland,OH,39.8872939,-81.3740057
1698766,Laurelvale,MD,39.4967740,-76.4185734
25207,Westwind,AZ,33.5986509,-112.1990434
973069,Sierks,NY,42.8217269,-78.3027945
1659543,Rosemont,CA,38.5518508,-121.3646739
431906,Butlerville,IN,39.0344983,-85.5127432
1190810,Wellersburg,PA,39.7328631,-78.8502988
1307030,Sawdust,TN,35.6681265,-87.1900087
121348,Lakewood Hills,AL,33.4442743,-86.8108228
579557,Nixon,ME,46.8797626,-68.5219883
565644,East New Portland,ME,44.9017241,-70.0233960
285346,Largo,FL,27.9094665,-82.7873244
594897,Ridge,MD,38.1192928,-76.3738377
545434,Bernard,LA,30.5968656,-92.7793131
1182720,Nyesville,PA,40.0295340,-77.6227673
48757,East End,AR,34.5506494,-92.3409861
1196538,Trust,PA,39.9264814,-77.3983193
1772785,Gold Coast,IL,41.9066994,-87.6253308
960626,Piseco,NY,43.4484024,-74.5184840
463007,Whiting,IA,42.1274894,-96.1494631
1006404,Wenona,NC,35.7182192,-76.6493825
1010388,Cold Springs,NC,35.9545723,-81.8712207
556186,Sweet Home,LA,30.0121453,-91.0306552
1256161,Little Eagle,SD,45.6758300,-100.8043037
1671345,Forest Ridge,GA,30.7932899,-81.6778811
729415,Yates,MO,39.3103120,-92.5993486
1025384,Hickory Grove Crossroads,NC,34.7485046,-78.4225035
1102110,Cleo Springs,OK,36.4053120,-98.4406325
539474,Sondheimer,LA,32.5501381,-91.1759429
1065319,Shiltown,OH,41.0581135,-80.9273103
1687003,Misty Cove,GA,34.1848226,-83.9832392
945694,Campbell,NY,42.2331295,-77.1974748
2106872,Harrison Woods,IN,39.9852778,-86.0158333
950479,Fort Hunter,NY,42.9422962,-74.2851327
654941,Siegel,MN,45.0155226,-92.8068735
2033923,Rio Grande Village,TX,29.1832610,-102.9621071
507702,Cimota City,KY,37.0922761,-88.8561704
114376,Biscayne Highlands,AL,33.5853815,-86.6933217
776220,Sappington,MT,45.7949281,-111.7674798
1378683,Millers,TX,29.8743581,-102.7159864
1237118,Battery Marina Village,SC,32.3788067,-80.7195513
1303557,Shell Creek,TN,36.1892877,-82.0426204
621416,Birch Run,MI,43.2508585,-83.7941309
308162,Vermont Heights,FL,29.8102469,-81.3970193
878317,Middletown,NJ,39.2712260,-74.7434965
2483746,Knowles,FL,27.9713000,-82.4396000
591156,Rock Hill Beach,MD,39.1501092,-76.5185736
174030,Anvil Points,CO,39.5160898,-107.9228477
212542,Perkins Corner,CT,41.7395432,-72.2595235
464456,Barney,IA,41.1666584,-94.0038379
1243741,Golf View Plantation,SC,33.8682278,-78.6686266
1617420,Arlene,MI,44.3900079,-85.2867166
1731571,Franklin,NC,36.4893004,-80.6336757
1091585,Comanche,OK,34.3689748,-97.9639240
543503,Musson,LA,30.4393614,-91.5192771
1709061,Glen Oaks,MD,39.1623298,-76.8296952
948303,Denmark,NY,43.8997909,-75.5824117
24426,Galeyville,AZ,31.9503682,-109.2183948
1202573,West Pottsgrove,PA,40.2545394,-75.6846317
969203,West Davenport,NY,42.4459131,-74.9632157
1188325,Spruce Creek,PA,40.6095111,-78.1355643
1853470,Gregory,OK,36.1706540,-95.5724773
1380829,Colton,TX,30.1496574,-97.6972248
559291,Woodland Ridge Park,LA,30.4213023,-91.0264918
883524,Charleston East,NJ,39.8895579,-74.9785011
1477342,Gasburg,VA,36.5668145,-77.8955452
1658916,Knightsen,CA,37.9688117,-121.6680084
157903,Bucksville,AL,33.2784478,-87.0855503
462375,Turkey River,IA,42.7061039,-91.0259620
